{"cameraMode":{"drawMode":0,"name":"Shaded","section":"Shading Mode"},"sceneLighting":true,"audioPlay":false,"sceneViewState":{"m_AlwaysRefresh":false,"showFog":true,"showSkybox":true,"showFlares":true,"showImageEffects":true,"showParticleSystems":true,"showVisualEffectGraphs":true,"m_FxEnabled":true},"in2DMode":false,"pivot":{"x":59.41263961791992,"y":-22.128746032714845,"z":185.55589294433595},"rotation":{"x":-0.06754694133996964,"y":-0.21927843987941743,"z":0.015226157382130623,"w":-0.9730517268180847},"size":155.27113342285157,"orthographic":false}