{"cameraMode":{"drawMode":0,"name":"Shaded","section":"Shading Mode"},"sceneLighting":true,"audioPlay":false,"sceneViewState":{"m_AlwaysRefresh":false,"showFog":true,"showSkybox":true,"showFlares":true,"showImageEffects":true,"showParticleSystems":true,"showVisualEffectGraphs":true,"m_FxEnabled":true},"in2DMode":false,"pivot":{"x":19.46196937561035,"y":-84.11094665527344,"z":25.052780151367189},"rotation":{"x":-0.5893004536628723,"y":0.005560202989727259,"z":-0.004105499014258385,"w":-0.8077201247215271},"size":82.37989044189453,"orthographic":false}