{"cameraMode":{"drawMode":0,"name":"Shaded","section":"Shading Mode"},"sceneLighting":false,"audioPlay":false,"sceneViewState":{"m_AlwaysRefresh":false,"showFog":true,"showSkybox":false,"showFlares":true,"showImageEffects":true,"showParticleSystems":true,"showVisualEffectGraphs":true,"m_FxEnabled":true},"in2DMode":false,"pivot":{"x":3.055114269256592,"y":10.073334693908692,"z":12.615145683288575},"rotation":{"x":0.009925666265189648,"y":-0.9609354138374329,"z":0.27404338121414187,"w":0.03489745035767555},"size":7.484562397003174,"orthographic":false}